,target,lstm_result_tr
1681,21.5,21.71328
1195,29.475468019078484,30.310078
985,16.4,19.128582
862,20.516292015609668,21.284727
1017,31.48515902037929,29.244856
809,31.5,30.099586
736,28.0,24.227936
1080,27.0,26.11573
705,29.400000000000002,29.010845
552,24.0,22.663036
87,31.5,28.19326
1940,21.5,23.264385
2287,25.799999999999997,26.212812
2202,22.555056020812888,26.293999
1467,23.365777017777674,22.48033
2024,22.795880017344075,23.49115
873,22.0,23.451263
543,19.73567401821128,24.019777
1562,30.800000000000004,31.322708
2103,25.799999999999997,25.249012
494,30.800000000000004,26.28667
857,28.699999999999996,27.122097
2143,19.200000000000003,21.25215
1375,32.199999999999996,30.934391
923,19.73567401821128,18.961327
71,27.0,28.770853
63,26.599999999999998,27.981775
1290,30.025983016910473,27.249245
647,23.0,23.900036
874,25.200000000000003,23.952168
1220,31.565777017777673,31.50037
1226,24.599999999999998,25.51062
500,24.0,20.129519
810,28.200000000000003,26.300484
1355,23.365777017777674,20.433048
962,24.50557101864488,24.530304
1181,28.200000000000003,29.571371
205,31.5,32.26938
869,30.815262019945685,26.145271
2081,23.365777017777674,23.81464
557,21.5,23.27294
377,26.12598301691047,22.329107
535,28.699999999999996,27.45008
787,27.3,27.621845
2259,18.4,24.631859
198,30.099999999999998,28.025322
561,32.199999999999996,31.006466
1078,27.599999999999998,27.415283
590,25.799999999999997,29.127438
519,23.93567401821128,24.049862
308,19.0,21.269829
1907,22.0,23.23553
2234,36.18515902037929,33.94742
59,28.200000000000003,26.279387
1292,28.699999999999996,29.033653
668,31.5,30.209198
207,33.10557101864488,31.796902
1870,27.0,24.359087
695,25.799999999999997,26.649593
1117,28.699999999999996,28.784454
162,23.93567401821128,26.283373
2132,27.0,25.463276
1285,20.0,21.821346
685,15.6,15.369883
256,23.365777017777674,23.366432
506,38.4,35.409657
1747,22.0,22.679333
1979,21.08618901604327,18.927593
2113,27.465777017777675,26.075485
1916,23.365777017777674,23.102676
1483,25.075468019078485,24.435066
20,36.18515902037929,33.669064
1245,28.200000000000003,27.160593
2144,30.145365019512084,29.422005
381,27.3,27.079964
538,26.400000000000002,25.005428
785,32.199999999999996,32.3238
2002,22.5,22.463234
83,32.199999999999996,32.978207
1333,27.599999999999998,28.45087
1089,32.199999999999996,32.283493
1303,18.795880017344075,21.180136
270,23.4,21.869747
988,28.799999999999997,26.240456
1755,28.0,26.336514
941,31.5,30.42844
840,27.465777017777675,30.27784
944,21.6,21.253479
1977,30.099999999999998,26.30851
429,19.265777017777676,20.691881
1043,20.5,21.50545
2310,23.0,22.649956
2091,29.400000000000002,29.878536
458,25.200000000000003,23.432095
78,23.365777017777674,20.413984
1762,33.87546801907848,30.605837
32,25.075468019078485,25.637077
916,30.099999999999998,28.959475
926,25.799999999999997,21.173735
2128,23.0,22.528656
380,28.699999999999996,28.314163
226,26.400000000000002,26.390366
1057,15.03670401387526,15.656444
1178,21.0,22.195942
686,27.599999999999998,24.497074
1344,15.6,16.43401
305,27.0,24.632196
209,20.20557101864488,18.762291
973,30.145365019512084,29.91933
2351,33.6,31.906208
2348,30.099999999999998,29.832855
889,31.5,31.056736
1185,27.0,25.620674
2028,31.5,32.121975
1811,25.799999999999997,23.793314
1883,30.145365019512084,23.879528
1750,32.8,29.771946
2329,22.0,22.378689
483,27.599999999999998,28.822197
2004,27.599999999999998,26.387321
277,31.5,31.239082
1552,23.93567401821128,24.149376
221,30.800000000000004,29.968132
981,33.87546801907848,34.701275
571,21.0,20.130112
411,28.200000000000003,28.642393
2275,36.18515902037929,31.856369
733,29.400000000000002,29.774485
585,26.599999999999998,25.900427
1071,34.645365019512084,32.463764
1674,31.48515902037929,28.901106
2362,28.13567401821128,27.23381
1387,32.9,29.322174
674,18.0,22.232475
1044,28.0,27.554327
447,28.200000000000003,29.222187
759,21.08618901604327,19.799171
2069,23.5,20.663269
1839,24.0,25.819813
2110,31.5,27.747036
1442,32.199999999999996,28.694927
1381,23.93567401821128,23.121471
1956,16.4,15.88912
45,22.0,23.059013
2076,25.200000000000003,26.25101
1999,21.5,22.178288
294,32.9,33.424232
1517,21.0,21.718817
588,20.0,23.88249
1844,28.799999999999997,28.422058
1944,24.50557101864488,23.979755
1601,30.145365019512084,24.750643
1961,25.799999999999997,26.031002
1972,20.675468019078483,25.80427
1942,28.799999999999997,27.465559
436,32.199999999999996,32.612614
1728,25.200000000000003,25.297966
2288,27.599999999999998,26.296898
393,33.87546801907848,33.97462
1225,41.4,26.296183
534,28.80557101864488,29.075487
30,25.645365019512084,27.492935
767,22.5,22.327719
746,28.200000000000003,26.294594
1553,36.0,26.9001
1131,29.475468019078484,30.922298
1124,17.385159020379287,17.552551
1584,28.200000000000003,26.247158
1898,16.4,25.605858
2099,25.075468019078485,24.680256
1403,36.0,33.46796
1449,36.0,32.53316
1362,24.50557101864488,24.192917
344,25.799999999999997,27.453514
556,23.93567401821128,24.885473
1263,23.0,26.269276
680,24.0,23.545515
1864,26.400000000000002,25.03033
1029,26.78515902037929,24.293545
352,16.0,14.21515
91,36.95505602081289,34.155613
1075,28.13567401821128,25.152903
1946,24.599999999999998,23.30148
2053,26.215262019945683,23.59605
831,30.145365019512084,30.694809
261,32.9,31.602043
1462,24.50557101864488,23.704731
748,27.599999999999998,26.088129
782,25.799999999999997,26.209068
1947,26.400000000000002,24.112171
567,27.0,27.843044
1761,30.099999999999998,30.813736
2087,35.66577701777767,31.805164
1902,23.5,23.160929
1132,31.5,26.962093
1125,20.0,20.120312
1647,31.48515902037929,29.565218
300,19.0,25.537106
808,27.3,25.193043
1165,25.200000000000003,27.71859
1194,33.87546801907848,32.299503
976,25.799999999999997,25.94593
315,28.699999999999996,27.062782
1871,26.599999999999998,25.122145
453,24.0,26.54724
601,24.50557101864488,25.767399
175,35.415262019945686,34.079712
927,32.199999999999996,30.990408
2023,39.145365019512084,37.49557
37,30.099999999999998,30.020039
123,21.6,23.363686
2208,30.800000000000004,30.3798
394,17.2,17.78063
1114,26.599999999999998,26.316357
1004,30.025983016910473,29.548311
39,31.5,31.460754
462,22.0,24.264093
841,23.4,23.345976
930,34.4,31.04889
331,27.3,26.745264
1573,24.0,23.539463
194,28.699999999999996,28.042473
2227,25.799999999999997,25.602139
2252,31.2,26.41608
634,30.099999999999998,26.048235
322,33.10557101864488,30.497738
1901,25.075468019078485,26.255264
266,25.200000000000003,26.64423
1146,24.599999999999998,22.468142
1967,26.599999999999998,27.720203
579,37.6,35.919495
1361,28.799999999999997,31.011408
1684,33.10557101864488,36.138508
2035,20.0,20.130836
925,27.599999999999998,23.636343
942,25.075468019078485,24.417006
1941,36.0,31.447542
2336,30.800000000000004,28.789238
2167,24.599999999999998,23.036327
1320,27.3,27.393345
2090,32.33567401821128,29.539936
1370,23.4,22.89534
2285,20.675468019078483,20.820856
964,31.565777017777673,28.852478
572,21.6,21.55956
1939,19.265777017777676,19.05312
2072,24.0,21.927155
2147,20.675468019078483,21.940105
1995,25.45608601647687,26.164188
900,25.799999999999997,27.52767
2233,31.5,32.30632
994,28.0,28.656666
53,25.2,25.182877
772,32.155056020812886,30.64648
1293,23.5,23.305416
2051,27.0,26.348913
1372,27.599999999999998,30.119694
505,33.10557101864488,31.6739
752,22.0,22.60096
1261,34.645365019512084,31.598423
1725,30.099999999999998,26.850693
2265,12.8,13.307305
1494,29.475468019078484,25.812021
1446,28.799999999999997,29.557013
365,28.80557101864488,26.300308
937,31.5,29.831373
1411,28.13567401821128,31.336647
309,23.4,23.397987
1675,25.645365019512084,26.14165
2222,27.599999999999998,27.061527
2186,31.5,31.179585
583,26.795880017344075,27.974085
999,30.145365019512084,30.941298
771,34.4,34.696693
2216,25.075468019078485,23.941725
1244,30.800000000000004,31.121555
152,21.5,21.65524
2119,26.78515902037929,25.280453
1418,23.365777017777674,23.60734
1962,12.299999999999999,13.430727
1058,30.800000000000004,26.294802
1726,27.0,27.789492
1264,18.4,18.596445
318,27.599999999999998,27.631256
1135,31.5,31.700634
1055,31.5,32.57134
1691,17.2,16.601856
1934,36.8,34.222996
1037,15.6,15.884649
1804,22.0,26.21357
1056,31.48515902037929,27.556843
1380,30.800000000000004,31.736128
343,29.400000000000002,28.065966
1466,28.0,27.365204
398,30.099999999999998,28.264484
584,21.145365019512084,22.950947
704,26.400000000000002,26.573742
2030,35.415262019945686,33.53505
1321,29.475468019078484,27.875671
292,24.599999999999998,26.308672
2153,23.0,25.679775
1488,25.200000000000003,26.53936
1179,27.599999999999998,25.67698
1547,25.200000000000003,25.653194
141,29.400000000000002,29.641972
1177,25.200000000000003,26.893341
2,12.0,11.188637
1193,21.5,19.784443
576,22.0,24.036411
1590,23.93567401821128,26.208893
339,31.5,28.205563
358,37.40557101864488,34.531094
265,22.5,22.948624
376,18.4,24.961945
2291,31.5,27.530716
2174,18.8,26.287704
439,20.675468019078483,22.801868
271,24.0,26.230516
1989,30.099999999999998,29.103127
1433,25.075468019078485,25.542786
244,29.400000000000002,30.141617
1018,22.0,21.930801
2156,30.800000000000004,29.366314
2106,26.400000000000002,26.4583
1928,23.5,25.452454
948,26.400000000000002,25.422226
1830,29.400000000000002,28.286688
931,30.099999999999998,28.709394
607,25.799999999999997,24.948048
415,16.0,16.589317
273,31.5,29.796114
2007,27.599999999999998,27.686779
780,26.78515902037929,27.026901
2292,20.0,19.741982
250,29.400000000000002,27.40885
413,35.415262019945686,34.2525
1505,23.5,22.042646
1795,27.0,28.304241
1905,23.0,26.216934
310,25.799999999999997,25.984138
1660,35.415262019945686,29.808167
893,27.0,25.968056
2341,30.800000000000004,29.037994
425,28.200000000000003,27.67498
2297,30.800000000000004,29.02763
2165,29.400000000000002,28.340519
2140,27.599999999999998,26.434887
721,22.08515902037929,21.516481
1856,11.2,11.90184
2077,18.795880017344075,20.155104
348,25.645365019512084,25.581104
1419,20.0,20.062136
1904,22.0,21.708603
1249,26.400000000000002,25.264923
526,32.9,31.074474
1763,22.795880017344075,22.655193
363,24.599999999999998,25.920485
182,23.0,25.463276
1232,28.200000000000003,26.701483
170,21.0,23.86111
1090,25.200000000000003,24.38972
1033,28.200000000000003,26.729689
1053,25.075468019078485,23.716955
812,27.0,23.863237
187,21.6,21.432364
619,24.0,26.378468
151,38.4,36.795628
158,30.800000000000004,28.501343
1100,29.475468019078484,30.20206
272,28.699999999999996,23.809063
614,27.599999999999998,27.129477
489,20.675468019078483,20.040258
1151,22.200000000000003,22.356602
1564,14.8,15.81863
1818,26.215262019945683,28.275826
371,18.0,26.103874
222,28.699999999999996,27.61797
593,25.799999999999997,26.287766
476,27.3,27.049553
1010,22.5,20.49685
1640,30.099999999999998,26.10994
497,26.400000000000002,25.18528
839,26.400000000000002,26.90778
687,25.799999999999997,25.606802
1468,19.73567401821128,20.464436
136,36.0,36.75499
518,26.795880017344075,23.575863
628,31.5,31.226646
334,27.0,25.829906
781,25.799999999999997,26.274527
1311,21.0,22.420277
1599,30.145365019512084,29.38031
1451,22.799999999999997,23.004007
1068,18.8,20.583626
1061,28.80557101864488,27.37874
1465,22.5,20.086533
2078,31.5,31.307991
710,20.5,22.495306
15,33.10557101864488,33.77965
1159,21.0,21.934853
287,21.6,20.866268
1281,22.5,22.10151
2080,27.599999999999998,27.581646
1862,28.80557101864488,30.486074
2178,31.5,31.534119
1506,30.145365019512084,30.330357
570,33.10557101864488,31.57864
654,28.80557101864488,28.583721
1073,28.13567401821128,27.655476
1332,28.699999999999996,28.853642
465,27.599999999999998,26.100044
1222,26.400000000000002,26.576868
199,33.87546801907848,35.772808
2280,26.400000000000002,26.228395
2342,27.0,26.09539
1650,35.1,35.344753
1457,27.0,26.345234
1911,37.6,34.72139
1764,27.35505602081289,28.542248
1231,25.645365019512084,23.650568
990,29.400000000000002,29.1583
2097,18.8,18.972185
1965,33.10557101864488,29.950924
1286,30.815262019945685,27.902243
591,31.5,30.316753
1356,30.099999999999998,30.415066
1918,28.0,29.465775
1121,29.400000000000002,29.837341
1943,25.075468019078485,25.07782
1133,28.699999999999996,27.450535
1824,33.87546801907848,35.389454
2366,22.795880017344075,25.080317
1932,27.0,25.665981
816,27.599999999999998,27.56503
274,22.0,24.293854
1508,24.0,24.06763
865,32.199999999999996,27.212948
101,29.400000000000002,25.605124
2293,25.075468019078485,25.499308
107,37.6,33.935177
2357,21.615262019945686,22.70541
1208,30.800000000000004,31.89664
1189,19.5,25.956614
1992,27.599999999999998,26.529587
1521,27.599999999999998,28.047237
1330,19.0,21.44133
712,27.599999999999998,28.499561
72,30.099999999999998,27.849915
1926,17.5,17.6325
2279,30.800000000000004,29.469826
481,16.8,21.417538
1789,31.5,28.63174
1259,18.4,19.620983
1808,20.0,20.066936
1273,26.400000000000002,27.446321
405,22.5,23.547863
757,28.80557101864488,28.901653
1845,21.0,20.36884
1435,25.200000000000003,26.148582
1720,28.799999999999997,28.3661
1667,24.599999999999998,21.487816
743,27.0,25.210915
806,26.400000000000002,26.576115
2188,29.400000000000002,30.230541
1689,31.48515902037929,31.285524
1272,30.145365019512084,29.603765
148,32.9,29.897205
1835,28.0,26.804195
1655,27.3,28.131115
692,24.599999999999998,24.877335
818,22.799999999999997,21.822407
1558,32.9,29.726315
1278,27.3,27.72755
2217,32.0,31.351206
701,20.0,18.504658
2098,22.225983016910472,22.253477
921,22.0,22.45803
905,27.35505602081289,27.15769
1846,29.475468019078484,29.99081
1316,22.0,26.260462
1593,22.200000000000003,23.047405
1091,27.599999999999998,27.249874
167,23.5,23.8453
730,27.3,24.177837
1893,28.799999999999997,28.75873
26,30.815262019945685,29.62716
1364,17.6,18.762218
1351,30.145365019512084,28.28916
997,24.599999999999998,25.285591
1040,17.6,17.036432
1436,29.475468019078484,28.594666
1112,24.0,24.5396
1779,28.0,29.95205
41,25.799999999999997,27.424358
1103,18.0,18.432995
1511,32.199999999999996,31.75457
1221,25.799999999999997,26.872267
1113,22.0,19.087198
609,29.475468019078484,28.86131
1788,25.075468019078485,23.14561
1954,26.12598301691047,24.802425
1199,26.215262019945683,26.594244
1867,25.645365019512084,26.044096
493,26.795880017344075,27.915722
236,30.815262019945685,30.053205
551,25.200000000000003,25.390652
520,28.699999999999996,31.133026
1471,26.400000000000002,27.486391
720,28.699999999999996,26.76381
1700,36.0,34.881985
2095,35.415262019945686,34.361935
58,25.200000000000003,25.535568
631,34.4,31.770124
1455,24.78618901604327,27.41243
592,24.599999999999998,24.308372
2063,22.0,22.353813
939,27.465777017777675,28.21067
2204,17.6,19.197052
904,28.699999999999996,29.206997
1737,31.5,29.632278
2274,15.6,18.394753
1368,25.799999999999997,27.204628
1646,18.4,17.638874
2141,25.799999999999997,25.131336
706,22.225983016910472,24.849262
1022,35.2,32.380665
745,31.5,30.98334
2032,27.599999999999998,29.061161
1266,21.5,22.907528
513,18.23670401387526,21.10556
81,36.8,32.96441
2102,26.400000000000002,25.064398
914,14.100000000000001,16.93755
2181,35.2,36.161575
1616,31.5,32.778065
150,32.199999999999996,31.31492
774,27.0,26.292868
329,27.35505602081289,23.934523
6,31.48515902037929,29.905685
943,27.35505602081289,26.656555
2133,26.400000000000002,27.274113
2044,23.0,22.036442
909,25.075468019078485,25.369534
468,31.5,30.267706
181,29.400000000000002,29.284327
164,26.215262019945683,22.731356
451,26.215262019945683,27.012619
490,31.5,30.475584
1641,21.615262019945686,21.67857
1561,34.645365019512084,31.870918
1111,18.8,17.11225
1876,24.0,22.682787
1879,30.800000000000004,29.729214
1783,24.599999999999998,26.349709
1423,23.93567401821128,25.794638
1535,21.145365019512084,21.532595
1592,21.615262019945686,21.611477
327,28.699999999999996,27.402582
442,31.5,30.220554
1413,23.5,23.183968
1978,26.400000000000002,28.11218
832,25.075468019078485,26.023268
1692,25.075468019078485,23.165857
1161,21.5,22.646175
86,18.795880017344075,16.65883
2313,23.365777017777674,25.983736
777,28.80557101864488,26.211159
2164,26.400000000000002,25.156935
54,25.645365019512084,25.880617
1670,24.0,25.923824
1493,30.099999999999998,30.661205
1395,27.0,27.133078
113,30.800000000000004,29.775974
2219,28.200000000000003,26.65662
987,18.4,21.075386
2321,23.93567401821128,26.328892
1393,15.976498014742463,16.717682
1009,27.0,25.495665
589,23.93567401821128,23.224693
1952,32.199999999999996,31.795639
17,25.645365019512084,25.675251
1854,17.85608601647687,19.264656
1825,32.33567401821128,31.083279
285,27.0,26.03072
428,21.615262019945686,23.970512
1207,30.815262019945685,32.332294
669,21.5,21.985794
31,36.0,35.12129
722,23.0,21.81987
951,23.5,23.971258
1566,25.799999999999997,26.550756
214,26.215262019945683,26.840137
2203,27.465777017777675,26.889244
1164,26.12598301691047,26.725594
326,31.5,27.651186
560,29.400000000000002,29.67969
1086,32.33567401821128,31.117588
1628,28.799999999999997,26.666798
341,30.815262019945685,30.091026
147,33.6,30.534544
2364,31.5,31.294245
1107,30.815262019945685,29.78497
1910,25.799999999999997,25.65722
966,30.025983016910473,28.306234
1072,32.9,34.227093
155,25.200000000000003,26.333027
1472,33.87546801907848,32.485905
1422,30.099999999999998,28.420671
1002,30.145365019512084,26.198002
1642,25.200000000000003,27.136642
1920,20.5,21.861874
1645,24.599999999999998,26.410803
2096,30.795880017344075,26.111095
2230,24.5,23.829632
2177,27.599999999999998,28.199852
1575,25.645365019512084,25.774502
2223,19.946395015176066,25.621288
1812,21.0,18.111057
1310,26.78515902037929,26.269304
1622,31.5,31.171318
1769,28.699999999999996,28.3847
2127,27.599999999999998,26.229767
938,26.599999999999998,28.375048
2129,30.815262019945685,27.542967
346,20.20557101864488,26.278975
1903,29.25608601647687,26.43166
2345,18.0,26.295849
385,24.50557101864488,25.101143
1401,30.145365019512084,29.617798
1448,24.599999999999998,24.99221
243,24.0,23.423351
1775,31.5,29.28011
936,21.5,19.54633
2026,30.800000000000004,29.247911
312,30.800000000000004,29.900673
2312,31.48515902037929,27.147396
1352,36.8,32.94297
968,26.400000000000002,26.652878
660,28.200000000000003,27.064388
2045,28.200000000000003,26.248095
370,23.0,24.526758
566,31.5,32.84777
1748,19.5,20.050678
824,14.4,13.836243
982,29.400000000000002,29.009304
2107,25.900000000000002,23.99686
1304,25.799999999999997,28.966908
813,31.5,31.591972
778,33.6,33.84603
1052,28.699999999999996,28.428661
1612,26.400000000000002,27.116867
1013,36.8,31.248629
2354,30.099999999999998,28.702625
1877,25.799999999999997,28.061466
1868,28.200000000000003,29.21579
126,25.799999999999997,27.38082
887,31.5,31.053768
1814,25.200000000000003,26.167307
1007,25.645365019512084,24.329723
355,27.0,26.295235
1003,34.4,31.971272
682,28.80557101864488,27.592087
827,20.0,21.852417
1322,30.099999999999998,29.807524
984,32.199999999999996,28.529545
1233,34.645365019512084,36.154057
2242,33.6,26.306664
140,30.099999999999998,28.566685
1976,36.0,34.885998
1833,26.400000000000002,29.127342
1463,28.799999999999997,26.287136
2105,16.4,16.899006
1828,29.400000000000002,28.57526
1288,27.599999999999998,25.995186
1966,25.075468019078485,24.663235
711,27.0,27.376331
1157,29.400000000000002,27.564846
1302,25.799999999999997,23.968452
871,33.6,33.075848
10,30.099999999999998,26.296299
1543,27.465777017777675,26.295872
1502,27.599999999999998,27.15778
754,21.0,25.429893
626,30.099999999999998,29.25429
1532,24.599999999999998,22.669857
129,18.795880017344075,26.095282
843,30.025983016910473,30.540892
323,21.5,26.326067
2082,30.800000000000004,32.328876
1283,23.93567401821128,29.01547
2296,26.215262019945683,25.983059
14,25.799999999999997,24.94131
1831,30.815262019945685,31.991829
215,24.599999999999998,24.770859
1710,22.5,22.026672
1729,23.365777017777674,21.99684
1182,20.0,26.189072
1461,24.0,28.29745
1386,31.5,31.703869
864,25.200000000000003,24.249054
516,27.0,26.271683
597,27.599999999999998,28.361374
195,27.599999999999998,27.635677
2173,31.48515902037929,32.24973
288,29.400000000000002,29.173418
950,28.200000000000003,24.883984
1623,29.400000000000002,28.730072
1889,26.400000000000002,27.238289
1120,26.400000000000002,26.090641
549,22.5,23.121006
156,27.465777017777675,29.262577
419,27.3,26.710234
922,31.5,32.12808
1452,23.4,22.49636
477,29.400000000000002,31.111511
1459,30.815262019945685,30.431673
553,29.475468019078484,29.0373
1202,23.93567401821128,23.756876
390,32.199999999999996,29.203737
578,24.50557101864488,23.972584
2193,26.400000000000002,25.922478
1454,25.645365019512084,26.29639
2150,27.0,26.412739
820,28.80557101864488,28.745478
2267,20.5,19.588036
1006,25.799999999999997,25.419296
1248,26.400000000000002,23.382153
1447,25.200000000000003,25.65308
664,29.400000000000002,30.24781
2157,27.599999999999998,28.295063
142,29.475468019078484,27.643452
2330,28.0,28.00762
2009,28.699999999999996,27.790344
421,25.799999999999997,26.149992
799,32.9,34.01749
615,25.075468019078485,26.234123
1318,32.199999999999996,31.049385
295,27.465777017777675,26.36242
401,35.2,33.988167
88,31.48515902037929,28.364418
1820,22.225983016910472,21.427485
2331,33.10557101864488,26.29453
131,30.815262019945685,30.125519
1394,27.599999999999998,27.933407
1476,24.0,21.651459
1840,26.400000000000002,24.868229
2054,21.0,21.955893
2363,25.799999999999997,26.25011
724,22.5,23.332573
1314,32.9,34.36796
1569,34.4,34.766296
269,29.400000000000002,29.074448
1668,30.099999999999998,29.785717
2282,30.099999999999998,31.830313
917,20.5,18.510353
1427,20.0,19.831797
1319,37.72495302124649,34.601635
2016,26.215262019945683,24.845806
1807,27.599999999999998,29.080921
1414,29.475468019078484,28.79712
375,33.87546801907848,32.471107
333,33.10557101864488,35.468044
1591,27.0,26.7401
2226,22.5,22.581509
1118,23.0,26.271824
910,18.4,20.59233
776,26.400000000000002,28.034756
1546,29.400000000000002,25.101091
328,25.2,28.116291
1342,30.800000000000004,31.05755
320,27.465777017777675,23.574598
2283,30.099999999999998,27.499813
12,32.155056020812886,30.639465
897,26.795880017344075,25.309032
171,30.099999999999998,26.766733
260,25.45608601647687,27.15791
1659,34.4,32.566273
1936,30.800000000000004,27.442385
901,32.199999999999996,32.142727
258,26.400000000000002,25.68404
844,15.5,17.51593
138,30.800000000000004,26.3149
319,17.2,26.265717
653,26.78515902037929,26.63276
1688,22.799999999999997,24.066475
1613,20.5,20.1481
558,31.5,31.79609
139,24.50557101864488,22.243681
112,32.199999999999996,33.49098
531,34.300000000000004,30.054707
224,27.465777017777675,27.49664
723,25.200000000000003,27.070946
2199,29.475468019078484,26.296024
2011,32.199999999999996,30.467476
325,35.2,35.712532
1323,23.0,26.254505
1730,32.199999999999996,32.063858
1490,25.799999999999997,24.959074
714,29.400000000000002,27.713419
846,26.215262019945683,26.155178
193,21.0,20.239552
573,27.599999999999998,28.211384
946,36.0,34.21105
503,16.8,25.776257
1607,31.5,31.981874
1596,27.0,26.850689
645,31.5,28.564484
3,25.645365019512084,25.339985
1578,25.200000000000003,25.059628
467,32.199999999999996,30.230215
1345,32.199999999999996,29.484703
5,27.599999999999998,28.52583
2093,27.0,28.849888
2273,19.73567401821128,20.839958
547,30.800000000000004,29.770294
228,18.8,19.936092
1063,30.145365019512084,27.37442
542,22.795880017344075,23.557161
242,30.145365019512084,29.508926
898,19.5,20.978706
1556,27.599999999999998,25.813091
1160,30.800000000000004,31.429356
1917,34.4,30.753864
2220,30.145365019512084,29.376663
842,32.199999999999996,31.590736
1373,22.795880017344075,23.759956
1949,20.4,20.539354
1586,18.0,16.7468
276,21.5,21.901636
661,28.200000000000003,27.371536
1970,20.5,18.498714
2299,27.465777017777675,27.081463
1654,24.50557101864488,23.951061
314,30.145365019512084,28.906965
1343,22.0,24.929562
2244,30.800000000000004,30.19816
691,32.33567401821128,33.12904
612,30.800000000000004,30.589396
424,23.4,24.871794
594,30.815262019945685,28.820343
2346,31.5,30.363796
1741,31.5,30.51373
622,31.5,30.579102
1605,21.0,23.179249
2200,16.0,17.176678
227,39.145365019512084,26.316282
1709,28.13567401821128,27.458237
1169,30.145365019512084,29.392368
1822,25.799999999999997,22.97809
1509,21.08618901604327,22.30828
66,25.799999999999997,23.239819
1886,28.200000000000003,27.833866
24,26.78515902037929,26.704926
1235,17.6,18.88968
144,22.5,20.68669
536,23.0,26.231277
811,25.200000000000003,23.729033
1538,31.48515902037929,30.143192
85,30.800000000000004,33.75512
1254,30.815262019945685,30.20441
1861,35.415262019945686,26.534498
2094,21.5,22.022537
1620,28.0,29.550085
1477,16.0,17.437695
484,18.0,25.88421
2111,16.0,16.036589
2262,27.599999999999998,27.818237
1882,30.099999999999998,29.7249
1572,30.145365019512084,29.036287
2332,21.5,21.165764
362,21.0,25.353352
749,19.0,17.708103
1583,30.800000000000004,28.540445
1026,24.0,23.745882
1030,26.795880017344075,25.595911
2176,30.099999999999998,29.747864
1335,16.0,18.350819
1855,24.0,23.06773
2229,23.5,22.856762
665,32.199999999999996,29.200193
364,23.93567401821128,21.360535
2123,30.800000000000004,32.425667
1239,32.199999999999996,32.395435
77,23.4,24.645578
27,18.0,18.365723
1975,25.645365019512084,22.979538
525,26.400000000000002,27.728432
725,20.096910013008056,23.149002
55,35.415262019945686,30.60389
638,22.5,21.751896
302,31.5,29.456024
718,30.800000000000004,29.65416
1666,21.65608601647687,23.448956
624,35.415262019945686,32.714924
7,27.599999999999998,27.32191
1280,17.6,17.393686
803,32.33567401821128,27.751854
1049,25.075468019078485,22.970932
336,16.275468019078485,16.532024
47,19.5,20.317799
2034,14.8,16.024591
106,22.555056020812888,24.19422
349,31.5,28.550898
1079,22.5,23.400778
238,31.48515902037929,31.05473
213,34.645365019512084,32.865997
1144,20.0,21.687815
2059,34.4,33.323185
1563,27.599999999999998,28.052238
793,23.365777017777674,23.848003
1096,30.800000000000004,29.449038
1615,31.5,29.66679
2121,13.68618901604327,14.111858
2108,32.9,33.910114
345,24.50557101864488,24.454762
523,30.800000000000004,31.03528
232,34.4,31.166634
644,22.555056020812888,20.945389
2057,32.199999999999996,31.618793
1428,27.599999999999998,27.628857
533,30.815262019945685,30.24401
2058,30.025983016910473,29.042515
603,16.8,17.282423
1489,30.099999999999998,29.502716
1653,31.48515902037929,31.110836
1426,27.3,26.73273
1074,22.225983016910472,22.763844
1791,34.4,35.387653
60,24.50557101864488,24.304615
1731,30.800000000000004,29.666332
92,33.10557101864488,26.2947
666,26.400000000000002,28.701668
1526,32.155056020812886,26.295254
2131,22.08515902037929,21.159815
280,21.145365019512084,26.29134
1530,39.145365019512084,37.696518
359,24.50557101864488,22.749304
1551,29.400000000000002,30.927147
1397,22.5,26.09705
2326,29.475468019078484,27.602299
847,25.799999999999997,24.849438
1206,22.799999999999997,23.112335
1888,26.215262019945683,28.246477
110,20.0,19.082165
42,16.0,17.122345
125,35.415262019945686,31.794132
204,32.199999999999996,30.510376
1473,35.2,31.02853
52,28.200000000000003,25.771898
545,26.400000000000002,26.981346
68,32.9,30.103302
1560,35.415262019945686,33.371468
1742,34.645365019512084,32.527187
2084,18.0,26.282745
1701,27.0,27.362005
1424,25.799999999999997,24.0064
183,29.400000000000002,32.92955
137,24.0,26.292248
899,25.200000000000003,26.381744
796,31.48515902037929,30.948824
132,35.415262019945686,31.129433
80,25.200000000000003,26.513351
2039,30.145365019512084,31.715569
758,24.599999999999998,27.78805
541,32.33567401821128,29.91562
1019,25.799999999999997,26.658037
1933,24.0,26.295612
983,25.200000000000003,23.1725
2116,29.400000000000002,27.904877
165,17.85608601647687,26.315546
248,25.075468019078485,24.07316
1331,23.0,25.240355
446,25.645365019512084,26.61582
1577,27.0,26.279507
858,33.10557101864488,31.27071
1358,21.0,21.521233
1657,24.599999999999998,25.51097
97,28.13567401821128,27.749367
1594,35.2,33.752426
805,25.799999999999997,26.281885
737,32.199999999999996,30.894169
1723,32.9,30.74984
1786,16.0,17.067842
102,24.599999999999998,25.788923
434,27.599999999999998,26.603401
74,26.78515902037929,26.106548
577,19.0,20.44555
1644,26.400000000000002,26.673494
2249,26.215262019945683,28.247002
1230,25.799999999999997,25.774967
918,25.075468019078485,26.296803
1326,25.799999999999997,26.304876
2195,31.5,30.369354
2168,28.80557101864488,26.73312
2130,28.200000000000003,28.465448
762,21.145365019512084,22.649273
989,24.599999999999998,22.898296
388,29.400000000000002,28.518053
235,23.5,21.467146
2161,28.200000000000003,28.245113
267,31.5,31.575832
1329,31.5,28.907284
1626,31.5,33.909565
117,27.0,25.168636
437,30.800000000000004,30.321178
673,27.0,26.215448
249,29.400000000000002,30.31253
1994,30.800000000000004,28.201963
1574,27.0,26.39589
2365,26.599999999999998,26.572836
94,27.599999999999998,27.745432
1690,22.08515902037929,21.459614
33,30.815262019945685,31.052803
2008,30.800000000000004,30.948076
2166,16.0,26.298044
448,23.93567401821128,26.25404
1469,32.8,30.811039
716,18.0,19.306751
1732,21.615262019945686,23.723055
2295,26.215262019945683,26.645733
0,35.2,26.389874
1885,33.6,33.661453
1101,27.599999999999998,25.844234
1108,31.5,34.54846
1797,28.200000000000003,24.943848
82,28.200000000000003,25.356491
1481,27.0,25.089373
1765,28.0,26.814754
676,29.475468019078484,30.64949
1827,15.2,15.704275
1991,29.475468019078484,29.645016
1046,27.0,29.240755
1460,31.5,30.109241
770,21.5,23.098442
1756,23.93567401821128,25.165886
1753,30.815262019945685,30.782696
517,27.599999999999998,27.51828
2046,27.465777017777675,27.22919
404,28.13567401821128,27.052963
384,28.80557101864488,30.093388
1778,22.5,23.763325
1834,30.145365019512084,29.123533
104,30.099999999999998,28.235916
1633,21.145365019512084,20.56773
2260,17.2,18.08889
688,16.4,16.077816
1792,23.93567401821128,23.759588
826,28.699999999999996,27.903324
1240,32.199999999999996,31.090282
62,26.12598301691047,26.064629
1305,32.199999999999996,30.697186
852,27.599999999999998,28.072895
2025,22.200000000000003,22.979721
1262,32.9,32.589176
223,23.0,21.393528
145,36.8,34.64927
1088,27.599999999999998,27.849766
373,31.5,31.105991
1951,33.10557101864488,28.819983
1142,27.599999999999998,28.945612
2268,26.78515902037929,28.697498
2050,30.145365019512084,26.335602
1274,17.015262019945684,18.094635
1265,31.2,31.55236
2118,21.0,21.307913
1739,28.200000000000003,27.291168
9,30.099999999999998,29.160652
449,22.795880017344075,23.601871
708,25.075468019078485,23.920181
255,32.199999999999996,31.675022
882,21.5,19.577932
1617,23.0,22.036816
389,24.0,22.742226
1801,18.8,21.350794
2271,28.0,27.526031
1581,27.0,26.855198
908,27.599999999999998,27.550568
924,37.6,34.738495
751,32.33567401821128,30.36804
1719,22.200000000000003,21.100025
460,22.0,25.413998
1738,32.9,32.06674
1224,30.145365019512084,31.575817
1168,28.0,26.507208
958,22.0,22.633512
501,29.400000000000002,27.216782
739,24.50557101864488,23.688065
40,33.87546801907848,32.053562
868,20.0,21.246716
731,30.145365019512084,28.529976
539,27.0,26.66438
1201,25.075468019078485,28.078299
1339,22.5,20.281002
697,25.799999999999997,25.826002
1784,22.5,22.586193
1909,21.0,26.365921
1887,26.400000000000002,23.989767
1371,27.599999999999998,26.802122
1145,17.5,18.722591
1031,26.400000000000002,25.396751
372,19.0,19.563961
667,23.365777017777674,22.466846
1431,26.400000000000002,29.184631
2070,19.0,19.359238
357,25.900000000000002,24.915829
967,33.10557101864488,29.277697
783,21.0,19.957996
735,24.50557101864488,22.612888
1353,31.5,29.052826
1035,28.799999999999997,27.08387
970,30.800000000000004,26.300426
470,36.0,31.109222
2043,34.645365019512084,32.296856
2231,26.215262019945683,26.692114
2209,32.199999999999996,29.71221
1396,27.599999999999998,28.661888
1536,30.800000000000004,31.374855
1771,28.200000000000003,29.6096
2334,39.145365019512084,35.679947
1549,30.099999999999998,29.251984
1328,28.80557101864488,26.677038
1849,25.45608601647687,26.957659
2048,27.0,25.885424
1425,32.199999999999996,29.29272
1464,26.400000000000002,25.486525
1555,34.645365019512084,30.761612
2185,28.799999999999997,29.20199
1250,32.9,30.878273
1699,27.0,27.073895
1252,22.0,18.019932
2347,28.200000000000003,26.8906
2198,31.5,34.767582
1236,28.13567401821128,27.94494
885,13.799999999999999,15.197985
79,27.599999999999998,24.528875
1172,19.0,21.258896
814,30.099999999999998,31.011543
1760,26.400000000000002,24.750208
671,22.5,23.030365
2073,26.400000000000002,27.711702
1921,22.0,24.522495
57,28.699999999999996,29.395296
133,28.799999999999997,27.391075
1140,33.6,31.459347
933,27.465777017777675,27.804235
928,16.4,17.525293
823,25.799999999999997,24.625229
1432,17.015262019945684,17.14751
1869,24.599999999999998,25.265854
1531,20.516292015609668,21.788445
1214,21.5,21.295723
504,27.0,26.31206
2340,23.4,22.010365
347,28.699999999999996,27.593864
386,20.675468019078483,20.13702
1024,26.400000000000002,26.664093
1384,25.799999999999997,25.832352
894,28.200000000000003,26.294758
828,28.80557101864488,26.648422
2308,35.2,26.295998
475,24.0,25.249012
1683,35.2,31.64668
2018,33.6,31.316805
2012,30.099999999999998,30.40001
1987,23.5,23.463825
1913,34.645365019512084,29.53479
652,32.199999999999996,32.17867
172,27.0,29.000866
1474,32.199999999999996,32.039253
1149,25.799999999999997,25.473614
38,25.200000000000003,27.868938
1554,19.6,21.388079
713,31.5,31.912916
90,27.599999999999998,28.382284
166,26.12598301691047,25.34963
1205,28.13567401821128,26.878956
875,31.5,29.169748
1850,23.93567401821128,22.581154
2172,27.0,25.369122
2307,23.365777017777674,23.816101
1093,22.5,22.580816
1155,24.599999999999998,23.468071
1324,30.145365019512084,28.636272
2255,24.0,26.289919
1350,25.799999999999997,25.96223
510,20.675468019078483,22.06533
1680,33.6,30.673016
499,31.48515902037929,26.803024
1857,22.0,24.450962
1388,25.645365019512084,25.914324
1519,23.5,21.906776
1671,16.916292015609667,16.906178
338,24.50557101864488,22.898077
2151,36.18515902037929,31.608168
1188,23.0,25.113327
28,27.0,27.754341
1540,28.699999999999996,30.258686
1217,27.599999999999998,26.533062
1815,27.599999999999998,29.281204
794,28.80557101864488,26.294964
945,28.13567401821128,28.162453
2022,22.77649801474246,21.718367
169,27.3,26.500118
1924,20.20557101864488,26.294867
1676,30.815262019945685,31.325348
1197,25.075468019078485,24.950518
1542,33.6,32.821846
1253,15.506601014308862,16.33275
1915,27.3,27.332565
912,23.5,26.614838
491,30.815262019945685,30.956898
953,30.800000000000004,31.075228
1097,8.877528010406445,10.706945
1032,24.0,23.68502
587,18.4,18.731365
750,21.5,25.336773
657,33.6,33.05705
234,18.325983016910474,16.011759
732,24.599999999999998,24.401424
2361,24.599999999999998,24.673048
1186,28.80557101864488,26.98473
1156,30.800000000000004,30.579546
2017,28.699999999999996,31.079002
1958,27.3,27.908764
2138,25.200000000000003,25.537685
934,29.475468019078484,27.664532
1209,36.0,32.225193
1065,31.5,29.096859
1716,26.795880017344075,24.951836
108,34.300000000000004,34.047768
1062,24.50557101864488,26.032602
568,31.5,29.33683
1167,31.565777017777673,30.136147
1174,34.4,31.25962
1588,28.80557101864488,24.899727
1507,17.38618901604327,18.54956
1492,28.13567401821128,27.189404
890,27.599999999999998,26.515656
947,22.77649801474246,22.083115
1048,25.200000000000003,26.202435
1851,25.799999999999997,27.182373
1880,36.8,35.593925
1996,24.599999999999998,24.30367
884,22.5,23.200554
143,22.5,25.085674
2325,27.599999999999998,24.830105
2075,24.599999999999998,26.000568
850,22.225983016910472,20.15391
1587,27.0,27.902088
1407,36.8,31.273586
734,30.800000000000004,29.47553
717,30.145365019512084,29.767448
2248,21.5,24.933538
454,19.0,20.781776
264,25.799999999999997,26.296997
75,14.4,14.637867
1256,24.599999999999998,22.883675
444,31.5,28.644726
395,29.400000000000002,26.29551
1971,29.400000000000002,28.38861
176,31.5,28.757133
1042,25.799999999999997,26.352764
2213,30.800000000000004,32.284073
2134,19.0,18.540684
1365,17.0,18.7879
1891,30.099999999999998,26.176378
595,30.800000000000004,27.442776
61,20.0,19.251274
1296,30.815262019945685,30.134396
1821,30.800000000000004,28.397743
872,24.0,23.425379
2343,18.4,17.666468
216,32.8,28.877398
278,32.155056020812886,30.740025
1548,25.645365019512084,25.300482
1718,28.799999999999997,28.567533
1392,28.200000000000003,29.894876
1803,24.50557101864488,24.44624
36,30.815262019945685,27.335026
2207,25.799999999999997,26.113747
1213,25.799999999999997,25.941093
662,26.599999999999998,25.968655
1938,18.5,18.855888
2256,30.145365019512084,30.093264
1984,20.5,26.283373
977,25.200000000000003,25.784054
1571,30.800000000000004,27.100101
1122,30.800000000000004,32.272625
1712,24.0,20.45777
738,24.599999999999998,25.187756
191,22.225983016910472,22.865852
919,26.400000000000002,26.295061
456,25.075468019078485,26.295116
1417,30.145365019512084,26.280893
675,23.5,23.136772
760,40.01526201994568,34.002865
2257,35.415262019945686,29.243538
2137,28.80557101864488,28.098227
728,26.400000000000002,26.469288
2152,33.6,30.191696
1399,23.93567401821128,24.546852
412,30.800000000000004,31.417267
1098,27.0,26.260147
1516,16.799999999999997,26.414669
1649,30.800000000000004,29.304592
1524,28.200000000000003,27.985294
825,31.5,30.100939
2052,26.599999999999998,27.394146
616,16.645365019512084,16.139107
114,30.099999999999998,31.278591
417,28.699999999999996,29.303528
2318,30.099999999999998,26.497509
1625,30.815262019945685,29.265182
969,26.400000000000002,24.39882
604,23.5,24.39565
2323,30.145365019512084,29.841616
89,28.799999999999997,28.28281
848,32.33567401821128,31.521305
726,30.099999999999998,28.471706
2322,21.5,23.231813
753,33.87546801907848,27.099459
498,30.099999999999998,27.577099
1276,27.0,25.752758
1325,25.799999999999997,26.322077
1630,32.199999999999996,32.093063
11,24.50557101864488,23.121162
396,28.8,26.29464
284,31.48515902037929,25.420437
2314,25.900000000000002,24.970985
1066,24.0,26.287758
1865,30.800000000000004,32.38164
1191,22.795880017344075,23.60041
1440,32.8,31.050434
1600,19.73567401821128,21.527817
1858,24.0,24.152027
2215,27.0,26.75441
2333,32.199999999999996,30.255133
1450,30.145365019512084,28.76273
690,23.8,25.531786
2142,23.365777017777674,24.167744
1568,20.0,16.906898
2298,30.099999999999998,28.434643
2286,24.50557101864488,25.783571
689,28.699999999999996,26.873096
2021,23.93567401821128,23.721336
1687,21.5,21.389885
851,28.200000000000003,26.295269
1498,30.145365019512084,31.148842
159,30.800000000000004,29.663836
895,25.799999999999997,25.275833
496,25.799999999999997,25.109226
257,29.400000000000002,28.808922
1782,26.400000000000002,22.124535
335,30.099999999999998,28.694967
2302,24.599999999999998,25.407211
1039,27.599999999999998,26.467344
515,28.200000000000003,30.148483
1348,32.199999999999996,30.717196
1015,36.0,38.481445
768,27.0,26.816631
2221,28.0,25.36145
441,23.4,23.66492
2037,36.8,33.18516
761,32.199999999999996,31.896051
1929,30.099999999999998,27.366203
1246,40.01526201994568,35.328327
1203,30.025983016910473,29.914558
2014,33.10557101864488,32.31108
1123,25.799999999999997,28.573538
1860,23.5,24.936356
1781,29.400000000000002,29.705807
521,30.815262019945685,30.99791
1785,26.12598301691047,25.802145
22,21.65608601647687,22.21714
356,28.80557101864488,30.544947
2254,22.799999999999997,24.330196
1277,32.0,29.871891
1312,18.795880017344075,26.271837
1635,27.0,29.608955
550,32.9,32.608944
340,26.400000000000002,26.634407
431,24.599999999999998,25.810831
473,33.6,27.63428
217,32.155056020812886,30.461346
911,32.199999999999996,30.202072
1227,28.200000000000003,27.170425
2115,22.0,20.162632
1011,27.0,26.27271
957,34.4,32.00129
1773,33.6,26.363934
93,30.800000000000004,26.311333
1008,33.10557101864488,31.237896
1070,20.675468019078483,20.511795
1092,32.199999999999996,31.568478
2109,24.599999999999998,23.27371
1308,30.145365019512084,29.307526
696,23.5,26.8214
1109,18.8,21.638182
996,31.5,31.306913
1458,25.799999999999997,23.367355
1679,22.5,22.88137
153,29.400000000000002,31.032364
1099,23.365777017777674,24.768345
2183,28.699999999999996,28.393026
246,29.400000000000002,28.328903
2368,29.475468019078484,29.963356
789,27.599999999999998,26.793829
580,17.6,18.893604
1470,37.6,36.25104
703,27.0,25.910078
1212,28.80557101864488,28.351515
1295,21.5,22.568928
896,28.200000000000003,27.955303
1908,21.0,20.79566
1260,28.699999999999996,27.78024
487,27.0,27.551752
1624,20.0,18.413534
559,28.80557101864488,25.9962
1141,25.799999999999997,24.855976
2206,27.0,26.36209
1119,30.099999999999998,26.98894
801,35.2,33.060535
1774,16.8,18.291704
512,33.6,29.018059
633,26.400000000000002,27.404154
2031,30.800000000000004,28.889252
1664,33.10557101864488,29.014185
1012,13.5,14.874054
1931,17.2,18.146
1416,28.699999999999996,26.301775
1150,23.93567401821128,23.430466
790,32.155056020812886,30.795633
2218,24.5,26.513008
116,27.599999999999998,27.54156
1497,30.800000000000004,31.325014
740,25.645365019512084,26.102985
2184,18.0,20.432364
1974,28.80557101864488,26.671768
1081,26.795880017344075,30.750904
1627,30.145365019512084,26.33914
1810,25.200000000000003,24.972157
830,28.200000000000003,29.399727
119,22.5,24.783325
656,29.400000000000002,30.519146
2212,30.815262019945685,31.973883
2124,27.924953021246495,30.986332
2317,28.200000000000003,30.753975
635,33.87546801907848,32.277954
369,22.0,20.957476
268,28.80557101864488,27.883873
655,27.3,25.6489
2179,24.599999999999998,27.237099
935,20.0,18.87321
822,27.599999999999998,27.364208
866,34.645365019512084,33.174923
46,30.800000000000004,28.538795
991,35.415262019945686,33.635685
876,26.215262019945683,26.609377
773,22.799999999999997,25.23853
1219,30.800000000000004,27.343086
1126,27.599999999999998,25.574795
4,24.50557101864488,22.610254
1595,27.599999999999998,26.576298
1077,18.80660101430886,20.0032
837,27.599999999999998,29.259693
681,28.200000000000003,27.324684
1715,32.9,31.03246
1148,26.795880017344075,25.27195
574,26.400000000000002,23.601667
50,35.2,31.727894
853,31.5,30.762154
1982,26.215262019945683,28.006044
1823,26.215262019945683,28.337547
833,30.145365019512084,30.36281
1115,25.645365019512084,26.046268
1166,16.446395015176066,17.873734
1906,27.0,24.32238
971,34.645365019512084,33.46909
399,27.465777017777675,27.942295
19,25.200000000000003,23.709492
684,20.5,20.834145
35,29.400000000000002,29.075302
2239,24.78618901604327,24.962685
524,18.8,19.373867
920,20.516292015609668,21.268213
1841,29.475468019078484,27.057093
1890,27.0,22.348295
537,27.599999999999998,26.65111
1705,23.0,23.451237
2316,27.599999999999998,28.40279
245,26.78515902037929,24.987867
784,33.6,34.06652
1409,21.5,21.65455
154,28.0,27.987206
1686,36.0,33.391605
625,25.200000000000003,26.074493
2272,35.415262019945686,34.530388
1346,26.400000000000002,24.451029
569,26.215262019945683,29.017277
1758,22.08515902037929,21.033125
1816,31.5,28.673191
2065,19.2,20.942616
127,30.099999999999998,28.627632
2350,29.475468019078484,27.430527
2006,20.0,26.286404
980,32.33567401821128,28.29745
190,22.795880017344075,20.887608
1139,32.155056020812886,30.90652
992,26.400000000000002,24.28085
699,22.795880017344075,26.399487
606,26.400000000000002,26.91863
180,25.200000000000003,24.594978
301,30.099999999999998,29.522755
1060,18.4,18.613235
2232,31.5,31.761986
1069,32.199999999999996,31.898083
1243,25.200000000000003,26.127762
16,22.5,22.969818
2353,19.5,15.909338
546,28.13567401821128,26.382101
658,30.800000000000004,30.42125
2136,22.799999999999997,23.234043
2163,26.400000000000002,25.854637
1504,21.145365019512084,23.245516
959,29.475468019078484,31.36584
797,26.12598301691047,24.92546
225,31.5,30.6193
2074,33.6,30.57003
1799,33.6,34.652477
2339,19.265777017777676,20.550617
2085,20.20557101864488,25.458225
1693,28.0,28.133614
1045,30.800000000000004,29.690788
469,31.5,31.834068
954,29.400000000000002,27.045921
2349,36.0,32.35561
639,25.645365019512084,25.536661
2196,29.400000000000002,27.32602
1218,31.5,30.147995
1158,22.0,21.509886
1415,23.93567401821128,26.244541
2145,25.200000000000003,24.860195
1527,27.465777017777675,28.229807
2309,30.815262019945685,26.376657
1300,27.0,25.883327
2266,25.799999999999997,25.115263
1603,22.225983016910472,20.746033
160,22.5,23.78103
1704,22.5,20.774914
956,20.5,19.455593
2305,30.800000000000004,31.78656
877,22.799999999999997,22.266794
1919,33.6,32.80203
1884,27.3,27.749126
98,17.85608601647687,18.996815
2237,28.0,26.27533
253,36.8,32.194576
103,33.6,32.505104
1445,36.8,34.123234
1443,24.0,21.81662
1648,32.33567401821128,32.42751
586,32.199999999999996,30.52136
627,26.400000000000002,26.558098
1696,28.200000000000003,26.098564
2101,24.50557101864488,23.356148
403,33.10557101864488,33.12991
1154,25.200000000000003,28.05093
1682,31.5,30.144264
2056,26.12598301691047,27.429607
2250,29.400000000000002,26.85107
452,25.200000000000003,26.456146
1327,29.475468019078484,29.849428
2049,30.099999999999998,25.333065
880,26.599999999999998,22.631351
2306,28.200000000000003,28.168245
623,25.799999999999997,28.985378
1787,31.48515902037929,26.853779
262,24.599999999999998,23.13471
1634,26.400000000000002,27.268993
1438,25.799999999999997,25.698402
1969,30.099999999999998,26.48285
1802,28.80557101864488,25.702814
640,22.5,18.584719
2240,27.599999999999998,28.834427
1959,25.799999999999997,28.412432
488,30.145365019512084,30.827898
1843,22.200000000000003,21.277386
1734,28.699999999999996,28.258562
146,30.800000000000004,28.144806
1534,28.699999999999996,27.632832
1986,25.45608601647687,26.086231
1369,23.5,22.813545
2320,25.200000000000003,26.083244
659,30.099999999999998,30.1161
1794,24.599999999999998,25.226181
186,28.799999999999997,27.464901
1147,30.800000000000004,31.452976
608,30.025983016910473,27.892536
2191,31.48515902037929,29.450102
1930,32.199999999999996,30.693417
197,33.6,31.03468
293,30.800000000000004,29.91594
766,28.200000000000003,27.919039
400,23.365777017777674,24.68832
122,31.5,28.672081
202,28.80557101864488,27.573284
835,32.199999999999996,34.33521
1439,30.800000000000004,28.55346
1733,23.5,26.312454
1695,22.225983016910472,23.862066
1707,19.5,21.8663
2303,30.145365019512084,30.452606
1153,22.799999999999997,26.020397
1661,27.465777017777675,26.987907
1759,28.80557101864488,30.231148
854,20.675468019078483,19.457563
1589,22.0,21.850988
641,32.199999999999996,28.843498
1,32.199999999999996,32.608337
2160,28.80557101864488,28.497585
698,27.599999999999998,26.30256
1636,20.3,22.869139
1291,26.12598301691047,24.826958
2258,30.800000000000004,26.57029
1520,23.4,23.546856
1853,25.645365019512084,26.367502
1136,28.799999999999997,28.877558
2290,17.5,19.461212
1631,22.0,22.131695
1998,25.799999999999997,26.177979
663,27.599999999999998,27.534866
683,25.45608601647687,24.522202
1257,25.075468019078485,26.640099
317,22.5,23.411716
648,36.8,30.488485
1434,26.78515902037929,27.339756
1479,31.5,28.203146
709,29.400000000000002,29.933598
1282,29.400000000000002,29.982132
1768,28.80557101864488,26.916365
972,24.78618901604327,25.68599
1306,21.0,22.822594
1400,25.799999999999997,25.176956
1408,20.0,21.186087
1496,33.6,31.415783
2038,25.799999999999997,26.67422
1529,31.48515902037929,30.577116
1663,25.075468019078485,26.385942
1354,25.799999999999997,26.049175
2311,31.5,29.467684
2327,21.0,22.634192
1643,16.0,20.354397
1051,28.13567401821128,28.193718
795,26.78515902037929,28.786264
1597,25.200000000000003,24.86725
1819,26.400000000000002,26.77631
1722,21.0,23.780201
1183,29.475468019078484,31.07321
1059,31.5,29.470709
540,29.400000000000002,27.531174
1678,32.9,30.647446
1757,27.0,26.98563
1923,28.200000000000003,26.103798
95,24.599999999999998,27.13726
1020,25.900000000000002,27.636738
563,33.6,26.977234
863,30.815262019945685,31.634727
1484,29.475468019078484,26.565535
1881,20.675468019078483,20.796959
1038,33.6,28.143124
206,25.45608601647687,26.745712
392,26.400000000000002,25.252846
870,26.78515902037929,24.209227
397,26.795880017344075,25.517433
2276,22.0,21.61799
1028,20.0,25.515034
1485,25.799999999999997,26.287067
960,31.5,33.59889
1570,28.0,23.304367
1895,30.815262019945685,31.09961
2146,26.400000000000002,25.132156
804,23.5,24.245468
1751,27.924953021246495,28.4284
502,19.5,22.17841
779,27.0,26.151897
1863,25.200000000000003,25.819435
200,25.645365019512084,26.296715
2182,24.0,23.66119
2088,29.400000000000002,28.970045
2278,25.799999999999997,25.862017
1796,32.199999999999996,28.968975
378,23.93567401821128,26.291489
418,33.6,31.606276
1698,29.400000000000002,28.408342
391,19.946395015176066,21.411484
1522,19.5,22.63702
1162,22.5,22.63052
1495,30.099999999999998,30.46929
2027,27.0,25.60263
1152,22.08515902037929,21.89101
1367,35.415262019945686,31.195215
64,22.08515902037929,22.104187
2062,20.675468019078483,26.298706
1180,25.075468019078485,25.069714
492,18.325983016910474,20.102581
379,31.5,32.779804
2235,21.145365019512084,20.657043
763,22.799999999999997,26.255907
2264,25.645365019512084,27.25024
791,26.400000000000002,24.697262
1076,30.800000000000004,30.190037
878,32.199999999999996,34.037834
337,26.400000000000002,27.605455
1016,35.2,33.09265
1275,16.8,18.198505
455,30.099999999999998,27.82945
815,23.5,23.197979
995,22.0,21.582611
1981,30.800000000000004,30.302914
201,27.35505602081289,27.855854
161,28.699999999999996,26.658142
1579,28.799999999999997,26.278624
702,30.145365019512084,29.832008
1500,30.099999999999998,28.384308
1129,15.165777017777675,23.512848
1021,20.0,19.391212
1585,25.200000000000003,26.046337
1955,11.60557101864488,14.782881
2253,34.4,33.188457
34,30.815262019945685,28.207748
775,25.799999999999997,26.105728
1478,24.599999999999998,21.263315
1390,27.35505602081289,26.533157
2139,30.815262019945685,30.746445
1363,25.200000000000003,24.342548
2041,28.699999999999996,28.688107
241,28.699999999999996,28.801922
2061,25.799999999999997,27.198643
600,20.5,22.277319
1297,27.599999999999998,26.150177
2214,28.699999999999996,30.3506
2068,21.0,22.026329
646,31.5,30.197079
1528,27.599999999999998,25.40245
1267,22.0,21.558735
1899,30.815262019945685,29.547064
562,25.200000000000003,27.010487
189,19.265777017777676,24.534435
1806,22.0,23.086315
975,32.9,32.85907
2047,22.799999999999997,24.324606
1082,19.73567401821128,20.049286
474,19.5,20.534245
747,32.199999999999996,30.778595
2300,29.475468019078484,28.06668
21,21.5,20.692585
459,16.5,26.370686
1184,21.5,19.948925
2324,31.48515902037929,30.071201
955,32.33567401821128,32.169834
1215,20.0,19.243088
1515,19.5,20.25874
769,30.145365019512084,29.474575
1685,25.200000000000003,24.865656
130,31.5,31.91863
2135,33.10557101864488,30.510773
1482,28.699999999999996,28.051207
330,22.0,21.889793
1238,20.5,26.295958
466,25.45608601647687,26.34385
2169,27.0,26.958954
1638,27.599999999999998,29.759155
1095,23.0,22.72234
1130,33.6,29.579082
1294,23.93567401821128,24.892044
860,26.400000000000002,23.309116
